Ceremony,Year,Class,Category,Film,Name,Winner,FilmId
93,2020,Acting,ACTOR IN A LEADING ROLE,Sound of Metal,Riz Ahmed,,
93,2020,Acting,ACTOR IN A LEADING ROLE,Ma Rainey's Black Bottom,Chadwick Boseman,,
93,2020,Acting,ACTOR IN A LEADING ROLE,The Father,Anthony Hopkins,True,
93,2020,Acting,ACTOR IN A LEADING ROLE,Mank,Gary Oldman,,
93,2020,Acting,ACTOR IN A LEADING ROLE,Minari,Steven Yeun,,
93,2020,Acting,ACTOR IN A SUPPORTING ROLE,The Trial of the Chicago 7,Sacha Baron Cohen,,
93,2020,Acting,ACTOR IN A SUPPORTING ROLE,Judas and the Black Messiah,Daniel Kaluuya,True,
93,2020,Acting,ACTOR IN A SUPPORTING ROLE,One Night in Miami...,"Leslie Odom, Jr.",,
93,2020,Acting,ACTOR IN A SUPPORTING ROLE,Sound of Metal,Paul Raci,,
93,2020,Acting,ACTOR IN A SUPPORTING ROLE,Judas and the Black Messiah,Lakeith Stanfield,,
93,2020,Acting,ACTRESS IN A LEADING ROLE,Ma Rainey's Black Bottom,Viola Davis,,
93,2020,Acting,ACTRESS IN A LEADING ROLE,The United States vs. Billie Holiday,Andra Day,,
93,2020,Acting,ACTRESS IN A LEADING ROLE,Pieces of a Woman,Vanessa Kirby,,
93,2020,Acting,ACTRESS IN A LEADING ROLE,Nomadland,Frances McDormand,True,
93,2020,Acting,ACTRESS IN A LEADING ROLE,Promising Young Woman,Carey Mulligan,,
93,2020,Acting,ACTRESS IN A SUPPORTING ROLE,Borat Subsequent Moviefilm: Delivery of Prodigious Bribe to American Regime for Make Benefit Once Glorious Nation of Kazakhstan,Maria Bakalova,,
93,2020,Acting,ACTRESS IN A SUPPORTING ROLE,Hillbilly Elegy,Glenn Close,,
93,2020,Acting,ACTRESS IN A SUPPORTING ROLE,The Father,Olivia Colman,,
93,2020,Acting,ACTRESS IN A SUPPORTING ROLE,Mank,Amanda Seyfried,,
93,2020,Acting,ACTRESS IN A SUPPORTING ROLE,Minari,Yuh-Jung Youn,True,
93,2020,Title,ANIMATED FEATURE FILM,Onward,Dan Scanlon and Kori Rae,,
93,2020,Title,ANIMATED FEATURE FILM,Over the Moon,"Glen Keane, Gennie Rim and Peilin Chou",,
93,2020,Title,ANIMATED FEATURE FILM,A Shaun the Sheep Movie: Farmageddon,"Richard Phelan, Will Becher and Paul Kewley",,
93,2020,Title,ANIMATED FEATURE FILM,Soul,Pete Docter and Dana Murray,True,
93,2020,Title,ANIMATED FEATURE FILM,Wolfwalkers,"Tomm Moore, Ross Stewart, Paul Young and Stéphan Roelants",,
93,2020,Production,CINEMATOGRAPHY,Judas and the Black Messiah,Sean Bobbitt,,
93,2020,Production,CINEMATOGRAPHY,Mank,Erik Messerschmidt,True,
93,2020,Production,CINEMATOGRAPHY,News of the World,Dariusz Wolski,,
93,2020,Production,CINEMATOGRAPHY,Nomadland,Joshua James Richards,,
93,2020,Production,CINEMATOGRAPHY,The Trial of the Chicago 7,Phedon Papamichael,,
93,2020,Production,COSTUME DESIGN,Emma,Alexandra Byrne,,
93,2020,Production,COSTUME DESIGN,Ma Rainey's Black Bottom,Ann Roth,True,
93,2020,Production,COSTUME DESIGN,Mank,Trish Summerville,,
93,2020,Production,COSTUME DESIGN,Mulan,Bina Daigeler,,
93,2020,Production,COSTUME DESIGN,Pinocchio,Massimo Cantini Parrini,,
93,2020,Directing,DIRECTING,Another Round,Thomas Vinterberg,,
93,2020,Directing,DIRECTING,Mank,David Fincher,,
93,2020,Directing,DIRECTING,Minari,Lee Isaac Chung,,
93,2020,Directing,DIRECTING,Nomadland,Chloé Zhao,True,
93,2020,Directing,DIRECTING,Promising Young Woman,Emerald Fennell,,
93,2020,Title,DOCUMENTARY (Feature),Collective,Alexander Nanau and Bianca Oana,,
93,2020,Title,DOCUMENTARY (Feature),Crip Camp,"Nicole Newnham, Jim LeBrecht and Sara Bolder",,
93,2020,Title,DOCUMENTARY (Feature),The Mole Agent,Maite Alberdi and Marcela Santibáñez,,
93,2020,Title,DOCUMENTARY (Feature),My Octopus Teacher,"Pippa Ehrlich, James Reed and Craig Foster",True,
93,2020,Title,DOCUMENTARY (Feature),Time,"Garrett Bradley, Lauren Domino and Kellen Quinn",,
93,2020,Title,DOCUMENTARY (Short Subject),Colette,Anthony Giacchino and Alice Doyard,True,
93,2020,Title,DOCUMENTARY (Short Subject),A Concerto Is a Conversation,Ben Proudfoot and Kris Bowers,,
93,2020,Title,DOCUMENTARY (Short Subject),Do Not Split,Anders Hammer and Charlotte Cook,,
93,2020,Title,DOCUMENTARY (Short Subject),Hunger Ward,Skye Fitzgerald and Michael Scheuerman,,
93,2020,Title,DOCUMENTARY (Short Subject),A Love Song for Latasha,Sophia Nahli Allison and Janice Duncan,,
93,2020,Production,FILM EDITING,The Father,Yorgos Lamprinos,,
93,2020,Production,FILM EDITING,Nomadland,Chloé Zhao,,
93,2020,Production,FILM EDITING,Promising Young Woman,Frédéric Thoraval,,
93,2020,Production,FILM EDITING,Sound of Metal,Mikkel E. G. Nielsen,True,
93,2020,Production,FILM EDITING,The Trial of the Chicago 7,Alan Baumgarten,,
93,2020,Title,INTERNATIONAL FEATURE FILM,Another Round,Denmark,True,
93,2020,Title,INTERNATIONAL FEATURE FILM,Better Days,Hong Kong,,
93,2020,Title,INTERNATIONAL FEATURE FILM,Collective,Romania,,
93,2020,Title,INTERNATIONAL FEATURE FILM,The Man Who Sold His Skin,Tunisia,,
93,2020,Title,INTERNATIONAL FEATURE FILM,"Quo Vadis, Aida?",Bosnia and Herzegovina,,
93,2020,Production,MAKEUP AND HAIRSTYLING,Emma,"Marese Langan, Laura Allen and Claudia Stolze",,
93,2020,Production,MAKEUP AND HAIRSTYLING,Hillbilly Elegy,"Eryn Krueger Mekash, Matthew Mungle and Patricia Dehaney",,
93,2020,Production,MAKEUP AND HAIRSTYLING,Ma Rainey's Black Bottom,"Sergio Lopez-Rivera, Mia Neal and Jamika Wilson",True,
93,2020,Production,MAKEUP AND HAIRSTYLING,Mank,"Gigi Williams, Kimberley Spiteri and Colleen LaBaff",,
93,2020,Production,MAKEUP AND HAIRSTYLING,Pinocchio,"Mark Coulier, Dalia Colli and Francesco Pegoretti",,
93,2020,Music,MUSIC (Original Score),Da 5 Bloods,Terence Blanchard,,
93,2020,Music,MUSIC (Original Score),Mank,Trent Reznor and Atticus Ross,,
93,2020,Music,MUSIC (Original Score),Minari,Emile Mosseri,,
93,2020,Music,MUSIC (Original Score),News of the World,James Newton Howard,,
93,2020,Music,MUSIC (Original Score),Soul,"Trent Reznor, Atticus Ross and Jon Batiste",True,
93,2020,Music,MUSIC (Original Song),Judas and the Black Messiah,Music by H.E.R. and Dernst Emile II; Lyric by H.E.R. and Tiara Thomas,True,
93,2020,Music,MUSIC (Original Song),The Trial of the Chicago 7,Music by Daniel Pemberton; Lyric by Daniel Pemberton and Celeste Waite,,
93,2020,Music,MUSIC (Original Song),Eurovision Song Contest: The Story of Fire Saga,"Music and Lyric by Savan Kotecha, Fat Max Gsus and Rickard Göransson",,
93,2020,Music,MUSIC (Original Song),The Life Ahead (La Vita Davanti a Se),Music by Diane Warren; Lyric by Diane Warren and Laura Pausini,,
93,2020,Music,MUSIC (Original Song),One Night in Miami...,"Music and Lyric by Leslie Odom, Jr. and Sam Ashworth",,
93,2020,Title,BEST PICTURE,The Father,"David Parfitt, Jean-Louis Livi and Philippe Carcassonne, Producers",,
93,2020,Title,BEST PICTURE,Judas and the Black Messiah,"Shaka King, Charles D. King and Ryan Coogler, Producers",,
93,2020,Title,BEST PICTURE,Mank,"Ceán Chaffin, Eric Roth and Douglas Urbanski, Producers",,
93,2020,Title,BEST PICTURE,Minari,"Christina Oh, Producer",,
93,2020,Title,BEST PICTURE,Nomadland,"Frances McDormand, Peter Spears, Mollye Asher, Dan Janvey and Chloé Zhao, Producers",True,
93,2020,Title,BEST PICTURE,Promising Young Woman,"Ben Browning, Ashley Fox, Emerald Fennell and Josey McNamara, Producers",,
93,2020,Title,BEST PICTURE,Sound of Metal,"Bert Hamelinck and Sacha Ben Harroche, Producers",,
93,2020,Title,BEST PICTURE,The Trial of the Chicago 7,"Marc Platt and Stuart Besser, Producers",,
93,2020,Production,PRODUCTION DESIGN,The Father,Production Design: Peter Francis; Set Decoration: Cathy Featherstone,,
93,2020,Production,PRODUCTION DESIGN,Ma Rainey's Black Bottom,Production Design: Mark Ricker; Set Decoration: Karen O'Hara and Diana Stoughton,,
93,2020,Production,PRODUCTION DESIGN,Mank,Production Design: Donald Graham Burt; Set Decoration: Jan Pascale,True,
93,2020,Production,PRODUCTION DESIGN,News of the World,Production Design: David Crank; Set Decoration: Elizabeth Keenan,,
93,2020,Production,PRODUCTION DESIGN,Tenet,Production Design: Nathan Crowley; Set Decoration: Kathy Lucas,,
93,2020,Title,SHORT FILM (Animated),Burrow,Madeline Sharafian and Michael Capbarat,,
93,2020,Title,SHORT FILM (Animated),Genius Loci,Adrien Mérigeau and Amaury Ovise,,
93,2020,Title,SHORT FILM (Animated),If Anything Happens I Love You,Will McCormack and Michael Govier,True,
93,2020,Title,SHORT FILM (Animated),Opera,Erick Oh,,
93,2020,Title,SHORT FILM (Animated),Yes-People,Gísli Darri Halldórsson and Arnar Gunnarsson,,
93,2020,Title,SHORT FILM (Live Action),Feeling Through,Doug Roland and Susan Ruzenski,,
93,2020,Title,SHORT FILM (Live Action),The Letter Room,Elvira Lind and Sofia Sondervan,,
93,2020,Title,SHORT FILM (Live Action),The Present,Farah Nabulsi and Ossama Bawardi,,
93,2020,Title,SHORT FILM (Live Action),Two Distant Strangers,Travon Free and Martin Desmond Roe,True,
93,2020,Title,SHORT FILM (Live Action),White Eye,Tomer Shushan and Shira Hochman,,
93,2020,Production,SOUND,Greyhound,"Warren Shaw, Michael Minkler, Beau Borders and David Wyman",,
93,2020,Production,SOUND,Mank,"Ren Klyce, Jeremy Molod, David Parker, Nathan Nance and Drew Kunin",,
93,2020,Production,SOUND,News of the World,"Oliver Tarney, Mike Prestwood Smith, William Miller and John Pritchett",,
93,2020,Production,SOUND,Soul,"Ren Klyce, Coya Elliott and David Parker",,
93,2020,Production,SOUND,Sound of Metal,"Nicolas Becker, Jaime Baksht, Michellee Couttolenc, Carlos Cortés and Phillip Bladh",True,
93,2020,Production,VISUAL EFFECTS,Love and Monsters,"Matt Sloan, Genevieve Camilleri, Matt Everitt and Brian Cox",,
93,2020,Production,VISUAL EFFECTS,The Midnight Sky,"Matthew Kasmir, Christopher Lawrence, Max Solomon and David Watkins",,
93,2020,Production,VISUAL EFFECTS,Mulan,"Sean Faden, Anders Langlands, Seth Maury and Steve Ingram",,
93,2020,Production,VISUAL EFFECTS,The One and Only Ivan,"Nick Davis, Greg Fisher, Ben Jones and Santiago Colomo Martinez",,
93,2020,Production,VISUAL EFFECTS,Tenet,"Andrew Jackson, David Lee, Andrew Lockley and Scott Fisher",True,
93,2020,Writing,WRITING (Adapted Screenplay),Borat Subsequent Moviefilm: Delivery of Prodigious Bribe to American Regime for Make Benefit Once Glorious Nation of Kazakhstan,Screenplay by Sacha Baron Cohen & Anthony Hines & Dan Swimer & Peter Baynham & Erica Rivinoja & Dan Mazer & Jena Friedman & Lee Kern; Story by Sacha Baron Cohen & Anthony Hines & Dan Swimer & Nina Pedrad,,
93,2020,Writing,WRITING (Adapted Screenplay),The Father,Screenplay by Christopher Hampton and Florian Zeller,True,
93,2020,Writing,WRITING (Adapted Screenplay),Nomadland,Written for the screen by Chloé Zhao,,
93,2020,Writing,WRITING (Adapted Screenplay),One Night in Miami...,Screenplay by Kemp Powers,,
93,2020,Writing,WRITING (Adapted Screenplay),The White Tiger,Written for the screen by Ramin Bahrani,,
93,2020,Writing,WRITING (Original Screenplay),Judas and the Black Messiah,Screenplay by Will Berson & Shaka King; Story by Will Berson & Shaka King and Kenny Lucas & Keith Lucas,,
93,2020,Writing,WRITING (Original Screenplay),Minari,Written by Lee Isaac Chung,,
93,2020,Writing,WRITING (Original Screenplay),Promising Young Woman,Written by Emerald Fennell,True,
93,2020,Writing,WRITING (Original Screenplay),Sound of Metal,Screenplay by Darius Marder & Abraham Marder; Story by Darius Marder & Derek Cianfrance,,
93,2020,Writing,WRITING (Original Screenplay),The Trial of the Chicago 7,Written by Aaron Sorkin,,
93,2020,Special,JEAN HERSHOLT HUMANITARIAN AWARD,,Motion Picture & Television Fund,True,
93,2020,Special,JEAN HERSHOLT HUMANITARIAN AWARD,,Tyler Perry,True,
94,2021,Acting,ACTOR IN A LEADING ROLE,Being the Ricardos,Javier Bardem,,
94,2021,Acting,ACTOR IN A LEADING ROLE,The Power of the Dog,Benedict Cumberbatch,,
94,2021,Acting,ACTOR IN A LEADING ROLE,"tick, tick...BOOM!",Andrew Garfield,,
94,2021,Acting,ACTOR IN A LEADING ROLE,King Richard,Will Smith,True,
94,2021,Acting,ACTOR IN A LEADING ROLE,The Tragedy of Macbeth,Denzel Washington,,
94,2021,Acting,ACTOR IN A SUPPORTING ROLE,Belfast,Ciarán Hinds,,
94,2021,Acting,ACTOR IN A SUPPORTING ROLE,CODA,Troy Kotsur,True,
94,2021,Acting,ACTOR IN A SUPPORTING ROLE,The Power of the Dog,Jesse Plemons,,
94,2021,Acting,ACTOR IN A SUPPORTING ROLE,Being the Ricardos,J.K. Simmons,,
94,2021,Acting,ACTOR IN A SUPPORTING ROLE,The Power of the Dog,Kodi Smit-McPhee,,
94,2021,Acting,ACTRESS IN A LEADING ROLE,The Eyes of Tammy Faye,Jessica Chastain,True,
94,2021,Acting,ACTRESS IN A LEADING ROLE,The Lost Daughter,Olivia Colman,,
94,2021,Acting,ACTRESS IN A LEADING ROLE,Parallel Mothers,Penélope Cruz,,
94,2021,Acting,ACTRESS IN A LEADING ROLE,Being the Ricardos,Nicole Kidman,,
94,2021,Acting,ACTRESS IN A LEADING ROLE,Spencer,Kristen Stewart,,
94,2021,Acting,ACTRESS IN A SUPPORTING ROLE,The Lost Daughter,Jessie Buckley,,
94,2021,Acting,ACTRESS IN A SUPPORTING ROLE,West Side Story,Ariana DeBose,True,
94,2021,Acting,ACTRESS IN A SUPPORTING ROLE,Belfast,Judi Dench,,
94,2021,Acting,ACTRESS IN A SUPPORTING ROLE,The Power of the Dog,Kirsten Dunst,,
94,2021,Acting,ACTRESS IN A SUPPORTING ROLE,King Richard,Aunjanue Ellis,,
94,2021,Title,ANIMATED FEATURE FILM,Encanto,"Jared Bush, Byron Howard, Yvett Merino and Clark Spencer",True,
94,2021,Title,ANIMATED FEATURE FILM,Flee,"Jonas Poher Rasmussen, Monica Hellström, Signe Byrge Sørensen and Charlotte De La Gournerie",,
94,2021,Title,ANIMATED FEATURE FILM,Luca,Enrico Casarosa and Andrea Warren,,
94,2021,Title,ANIMATED FEATURE FILM,The Mitchells vs. the Machines,"Mike Rianda, Phil Lord, Christopher Miller and Kurt Albrecht",,
94,2021,Title,ANIMATED FEATURE FILM,Raya and the Last Dragon,"Don Hall, Carlos López Estrada, Osnat Shurer and Peter Del Vecho",,
94,2021,Production,CINEMATOGRAPHY,Dune,Greig Fraser,True,
94,2021,Production,CINEMATOGRAPHY,Nightmare Alley,Dan Laustsen,,
94,2021,Production,CINEMATOGRAPHY,The Power of the Dog,Ari Wegner,,
94,2021,Production,CINEMATOGRAPHY,The Tragedy of Macbeth,Bruno Delbonnel,,
94,2021,Production,CINEMATOGRAPHY,West Side Story,Janusz Kaminski,,
94,2021,Production,COSTUME DESIGN,Cruella,Jenny Beavan,True,
94,2021,Production,COSTUME DESIGN,Cyrano,Massimo Cantini Parrini and Jacqueline Durran,,
94,2021,Production,COSTUME DESIGN,Dune,Jacqueline West and Robert Morgan,,
94,2021,Production,COSTUME DESIGN,Nightmare Alley,Luis Sequeira,,
94,2021,Production,COSTUME DESIGN,West Side Story,Paul Tazewell,,
94,2021,Directing,DIRECTING,Belfast,Kenneth Branagh,,
94,2021,Directing,DIRECTING,Drive My Car,Ryusuke Hamaguchi,,
94,2021,Directing,DIRECTING,Licorice Pizza,Paul Thomas Anderson,,
94,2021,Directing,DIRECTING,The Power of the Dog,Jane Campion,True,
94,2021,Directing,DIRECTING,West Side Story,Steven Spielberg,,
94,2021,Title,DOCUMENTARY (Feature),Ascension,"Jessica Kingdon, Kira Simon-Kennedy and Nathan Truesdell",,
94,2021,Title,DOCUMENTARY (Feature),Attica,Stanley Nelson and Traci A. Curry,,
94,2021,Title,DOCUMENTARY (Feature),Flee,"Jonas Poher Rasmussen, Monica Hellström, Signe Byrge Sørensen and Charlotte De La Gournerie",,
94,2021,Title,DOCUMENTARY (Feature),"Summer of Soul (...Or, When the Revolution Could Not Be Televised)","Ahmir \""Questlove\"" Thompson, Joseph Patel, Robert Fyvolent and David Dinerstein",True,
94,2021,Title,DOCUMENTARY (Feature),Writing with Fire,Rintu Thomas and Sushmit Ghosh,,
94,2021,Title,DOCUMENTARY (Short Subject),Audible,Matt Ogens and Geoff McLean,,
94,2021,Title,DOCUMENTARY (Short Subject),Lead Me Home,Pedro Kos and Jon Shenk,,
94,2021,Title,DOCUMENTARY (Short Subject),The Queen of Basketball,Ben Proudfoot,True,
94,2021,Title,DOCUMENTARY (Short Subject),Three Songs for Benazir,Elizabeth Mirzaei and Gulistan Mirzaei,,
94,2021,Title,DOCUMENTARY (Short Subject),When We Were Bullies,Jay Rosenblatt,,
94,2021,Production,FILM EDITING,Don't Look Up,Hank Corwin,,
94,2021,Production,FILM EDITING,Dune,Joe Walker,True,
94,2021,Production,FILM EDITING,King Richard,Pamela Martin,,
94,2021,Production,FILM EDITING,The Power of the Dog,Peter Sciberras,,
94,2021,Production,FILM EDITING,"tick, tick...BOOM!",Myron Kerstein and Andrew Weisblum,,
94,2021,Title,INTERNATIONAL FEATURE FILM,Drive My Car,Japan,True,
94,2021,Title,INTERNATIONAL FEATURE FILM,Flee,Denmark,,
94,2021,Title,INTERNATIONAL FEATURE FILM,The Hand of God,Italy,,
94,2021,Title,INTERNATIONAL FEATURE FILM,Lunana: A Yak in the Classroom,Bhutan,,
94,2021,Title,INTERNATIONAL FEATURE FILM,The Worst Person in the World,Norway,,
94,2021,Production,MAKEUP AND HAIRSTYLING,Coming 2 America,"Mike Marino, Stacey Morris and Carla Farmer",,
94,2021,Production,MAKEUP AND HAIRSTYLING,Cruella,"Nadia Stacey, Naomi Donne and Julia Vernon",,
94,2021,Production,MAKEUP AND HAIRSTYLING,Dune,"Donald Mowat, Love Larson and Eva von Bahr",,
94,2021,Production,MAKEUP AND HAIRSTYLING,The Eyes of Tammy Faye,"Linda Dowds, Stephanie Ingram and Justin Raleigh",True,
94,2021,Production,MAKEUP AND HAIRSTYLING,House of Gucci,"Göran Lundström, Anna Carin Lock and Frederic Aspiras",,
94,2021,Music,MUSIC (Original Score),Don't Look Up,Nicholas Britell,,
94,2021,Music,MUSIC (Original Score),Dune,Hans Zimmer,True,
94,2021,Music,MUSIC (Original Score),Encanto,Germaine Franco,,
94,2021,Music,MUSIC (Original Score),Parallel Mothers,Alberto Iglesias,,
94,2021,Music,MUSIC (Original Score),The Power of the Dog,Jonny Greenwood,,
94,2021,Music,MUSIC (Original Song),King Richard,Music and Lyric by DIXSON and Beyoncé Knowles-Carter,,
94,2021,Music,MUSIC (Original Song),Encanto,Music and Lyric by Lin-Manuel Miranda,,
94,2021,Music,MUSIC (Original Song),Belfast,Music and Lyric by Van Morrison,,
94,2021,Music,MUSIC (Original Song),No Time to Die,Music and Lyric by Billie Eilish and Finneas O'Connell,True,
94,2021,Music,MUSIC (Original Song),Four Good Days,Music and Lyric by Diane Warren,,
94,2021,Title,BEST PICTURE,Belfast,"Laura Berwick, Kenneth Branagh, Becca Kovacik and Tamar Thomas, Producers",,
94,2021,Title,BEST PICTURE,CODA,"Philippe Rousselet, Fabrice Gianfermi and Patrick Wachsberger, Producers",True,
94,2021,Title,BEST PICTURE,Don't Look Up,"Adam McKay and Kevin Messick, Producers",,
94,2021,Title,BEST PICTURE,Drive My Car,"Teruhisa Yamamoto, Producer",,
94,2021,Title,BEST PICTURE,Dune,"Mary Parent, Denis Villeneuve and Cale Boyter, Producers",,
94,2021,Title,BEST PICTURE,King Richard,"Tim White, Trevor White and Will Smith, Producers",,
94,2021,Title,BEST PICTURE,Licorice Pizza,"Sara Murphy, Adam Somner and Paul Thomas Anderson, Producers",,
94,2021,Title,BEST PICTURE,Nightmare Alley,"Guillermo del Toro, J. Miles Dale and Bradley Cooper, Producers",,
94,2021,Title,BEST PICTURE,The Power of the Dog,"Jane Campion, Tanya Seghatchian, Emile Sherman, Iain Canning and Roger Frappier, Producers",,
94,2021,Title,BEST PICTURE,West Side Story,"Steven Spielberg and Kristie Macosko Krieger, Producers",,
94,2021,Production,PRODUCTION DESIGN,Dune,Production Design: Patrice Vermette; Set Decoration: Zsuzsanna Sipos,True,
94,2021,Production,PRODUCTION DESIGN,Nightmare Alley,Production Design: Tamara Deverell; Set Decoration: Shane Vieau,,
94,2021,Production,PRODUCTION DESIGN,The Power of the Dog,Production Design: Grant Major; Set Decoration: Amber Richards,,
94,2021,Production,PRODUCTION DESIGN,The Tragedy of Macbeth,Production Design: Stefan Dechant; Set Decoration: Nancy Haigh,,
94,2021,Production,PRODUCTION DESIGN,West Side Story,Production Design: Adam Stockhausen; Set Decoration: Rena DeAngelo,,
94,2021,Title,SHORT FILM (Animated),Affairs of the Art,Joanna Quinn and Les Mills,,
94,2021,Title,SHORT FILM (Animated),Bestia,Hugo Covarrubias and Tevo Díaz,,
94,2021,Title,SHORT FILM (Animated),Boxballet,Anton Dyakov,,
94,2021,Title,SHORT FILM (Animated),Robin Robin,Dan Ojari and Mikey Please,,
94,2021,Title,SHORT FILM (Animated),The Windshield Wiper,Alberto Mielgo and Leo Sanchez,True,
94,2021,Title,SHORT FILM (Live Action),Ala Kachuu - Take and Run,Maria Brendle and Nadine Lüchinger,,
94,2021,Title,SHORT FILM (Live Action),The Dress,Tadeusz Lysiak and Maciej Slesicki,,
94,2021,Title,SHORT FILM (Live Action),The Long Goodbye,Aneil Karia and Riz Ahmed,True,
94,2021,Title,SHORT FILM (Live Action),On My Mind,Martin Strange-Hansen and Kim Magnusson,,
94,2021,Title,SHORT FILM (Live Action),Please Hold,K.D. Dávila and Levin Menekse,,
94,2021,Production,SOUND,Belfast,"Denise Yarde, Simon Chase, James Mather and Niv Adiri",,
94,2021,Production,SOUND,Dune,"Mac Ruth, Mark Mangini, Theo Green, Doug Hemphill and Ron Bartlett",True,
94,2021,Production,SOUND,No Time to Die,"Simon Hayes, Oliver Tarney, James Harrison, Paul Massey and Mark Taylor",,
94,2021,Production,SOUND,The Power of the Dog,"Richard Flynn, Robert Mackenzie and Tara Webb",,
94,2021,Production,SOUND,West Side Story,"Tod A. Maitland, Gary Rydstrom, Brian Chumney, Andy Nelson and Shawn Murphy",,
94,2021,Production,VISUAL EFFECTS,Dune,"Paul Lambert, Tristan Myles, Brian Connor and Gerd Nefzer",True,
94,2021,Production,VISUAL EFFECTS,Free Guy,"Swen Gillberg, Bryan Grill, Nikos Kalaitzidis and Dan Sudick",,
94,2021,Production,VISUAL EFFECTS,No Time to Die,"Charlie Noble, Joel Green, Jonathan Fawkner and Chris Corbould",,
94,2021,Production,VISUAL EFFECTS,Shang-Chi and the Legend of the Ten Rings,"Christopher Townsend, Joe Farrell, Sean Noel Walker and Dan Oliver",,
94,2021,Production,VISUAL EFFECTS,Spider-Man: No Way Home,"Kelly Port, Chris Waegner, Scott Edelstein and Dan Sudick",,
94,2021,Writing,WRITING (Adapted Screenplay),CODA,Screenplay by Siân Heder,True,
94,2021,Writing,WRITING (Adapted Screenplay),Drive My Car,"Screenplay by Ryusuke Hamaguchi, Takamasa Oe",,
94,2021,Writing,WRITING (Adapted Screenplay),Dune,Screenplay by Jon Spaihts and Denis Villeneuve and Eric Roth,,
94,2021,Writing,WRITING (Adapted Screenplay),The Lost Daughter,Written by Maggie Gyllenhaal,,
94,2021,Writing,WRITING (Adapted Screenplay),The Power of the Dog,Written by Jane Campion,,
94,2021,Writing,WRITING (Original Screenplay),Belfast,Written by Kenneth Branagh,True,
94,2021,Writing,WRITING (Original Screenplay),Don't Look Up,Screenplay by Adam McKay; Story by Adam McKay & David Sirota,,
94,2021,Writing,WRITING (Original Screenplay),King Richard,Written by Zach Baylin,,
94,2021,Writing,WRITING (Original Screenplay),Licorice Pizza,Written by Paul Thomas Anderson,,
94,2021,Writing,WRITING (Original Screenplay),The Worst Person in the World,"Written by Eskil Vogt, Joachim Trier",,
94,2021,Special,JEAN HERSHOLT HUMANITARIAN AWARD,,Danny Glover,True,
94,2021,Special,HONORARY AWARD,,,True,
94,2021,Special,HONORARY AWARD,,,True,
94,2021,Special,HONORARY AWARD,,,True,
95,2022,Acting,ACTOR IN A LEADING ROLE,Elvis,Austin Butler,,
95,2022,Acting,ACTOR IN A LEADING ROLE,The Banshees of Inisherin,Colin Farrell,,
95,2022,Acting,ACTOR IN A LEADING ROLE,The Whale,Brendan Fraser,True,
95,2022,Acting,ACTOR IN A LEADING ROLE,Aftersun,Paul Mescal,,
95,2022,Acting,ACTOR IN A LEADING ROLE,Living,Bill Nighy,,
95,2022,Acting,ACTOR IN A SUPPORTING ROLE,The Banshees of Inisherin,Brendan Gleeson,,
95,2022,Acting,ACTOR IN A SUPPORTING ROLE,Causeway,Brian Tyree Henry,,
95,2022,Acting,ACTOR IN A SUPPORTING ROLE,The Fabelmans,Judd Hirsch,,
95,2022,Acting,ACTOR IN A SUPPORTING ROLE,The Banshees of Inisherin,Barry Keoghan,,
95,2022,Acting,ACTOR IN A SUPPORTING ROLE,Everything Everywhere All at Once,Ke Huy Quan,True,
95,2022,Acting,ACTRESS IN A LEADING ROLE,Tár,Cate Blanchett,,
95,2022,Acting,ACTRESS IN A LEADING ROLE,Blonde,Ana de Armas,,
95,2022,Acting,ACTRESS IN A LEADING ROLE,To Leslie,Andrea Riseborough,,
95,2022,Acting,ACTRESS IN A LEADING ROLE,The Fabelmans,Michelle Williams,,
95,2022,Acting,ACTRESS IN A LEADING ROLE,Everything Everywhere All at Once,Michelle Yeoh,True,
95,2022,Acting,ACTRESS IN A SUPPORTING ROLE,Black Panther: Wakanda Forever,Angela Bassett,,
95,2022,Acting,ACTRESS IN A SUPPORTING ROLE,The Whale,Hong Chau,,
95,2022,Acting,ACTRESS IN A SUPPORTING ROLE,The Banshees of Inisherin,Kerry Condon,,
95,2022,Acting,ACTRESS IN A SUPPORTING ROLE,Everything Everywhere All at Once,Jamie Lee Curtis,True,
95,2022,Acting,ACTRESS IN A SUPPORTING ROLE,Everything Everywhere All at Once,Stephanie Hsu,,
95,2022,Title,ANIMATED FEATURE FILM,Guillermo del Toro's Pinocchio,"Guillermo del Toro, Mark Gustafson, Gary Ungar and Alex Bulkley",True,
95,2022,Title,ANIMATED FEATURE FILM,Marcel the Shell with Shoes On,"Dean Fleischer Camp, Elisabeth Holm, Andrew Goldman, Caroline Kaplan and Paul Mezey",,
95,2022,Title,ANIMATED FEATURE FILM,Puss in Boots: The Last Wish,Joel Crawford and Mark Swift,,
95,2022,Title,ANIMATED FEATURE FILM,The Sea Beast,Chris Williams and Jed Schlanger,,
95,2022,Title,ANIMATED FEATURE FILM,Turning Red,Domee Shi and Lindsey Collins,,
95,2022,Production,CINEMATOGRAPHY,All Quiet on the Western Front,James Friend,True,
95,2022,Production,CINEMATOGRAPHY,"Bardo, False Chronicle of a Handful of Truths",Darius Khondji,,
95,2022,Production,CINEMATOGRAPHY,Elvis,Mandy Walker,,
95,2022,Production,CINEMATOGRAPHY,Empire of Light,Roger Deakins,,
95,2022,Production,CINEMATOGRAPHY,Tár,Florian Hoffmeister,,
95,2022,Production,COSTUME DESIGN,Babylon,Mary Zophres,,
95,2022,Production,COSTUME DESIGN,Black Panther: Wakanda Forever,Ruth Carter,True,
95,2022,Production,COSTUME DESIGN,Elvis,Catherine Martin,,
95,2022,Production,COSTUME DESIGN,Everything Everywhere All at Once,Shirley Kurata,,
95,2022,Production,COSTUME DESIGN,Mrs. Harris Goes to Paris,Jenny Beavan,,
95,2022,Directing,DIRECTING,The Banshees of Inisherin,Martin McDonagh,,
95,2022,Directing,DIRECTING,Everything Everywhere All at Once,Daniel Kwan and Daniel Scheinert,True,
95,2022,Directing,DIRECTING,The Fabelmans,Steven Spielberg,,
95,2022,Directing,DIRECTING,Tár,Todd Field,,
95,2022,Directing,DIRECTING,Triangle of Sadness,Ruben Östlund,,
95,2022,Title,DOCUMENTARY FEATURE FILM,All That Breathes,"Shaunak Sen, Aman Mann and Teddy Leifer",,
95,2022,Title,DOCUMENTARY FEATURE FILM,All the Beauty and the Bloodshed,"Laura Poitras, Howard Gertler, John Lyons, Nan Goldin and Yoni Golijov",,
95,2022,Title,DOCUMENTARY FEATURE FILM,Fire of Love,"Sara Dosa, Shane Boris and Ina Fichman",,
95,2022,Title,DOCUMENTARY FEATURE FILM,A House Made of Splinters,Simon Lereng Wilmont and Monica Hellström,,
95,2022,Title,DOCUMENTARY FEATURE FILM,Navalny,"Daniel Roher, Odessa Rae, Diane Becker, Melanie Miller and Shane Boris",True,
95,2022,Title,DOCUMENTARY SHORT FILM,The Elephant Whisperers,Kartiki Gonsalves and Guneet Monga,True,
95,2022,Title,DOCUMENTARY SHORT FILM,Haulout,Evgenia Arbugaeva and Maxim Arbugaev,,
95,2022,Title,DOCUMENTARY SHORT FILM,How Do You Measure a Year?,Jay Rosenblatt,,
95,2022,Title,DOCUMENTARY SHORT FILM,The Martha Mitchell Effect,Anne Alvergue and Beth Levison,,
95,2022,Title,DOCUMENTARY SHORT FILM,Stranger at the Gate,Joshua Seftel and Conall Jones,,
95,2022,Production,FILM EDITING,The Banshees of Inisherin,Mikkel E.G. Nielsen,,
95,2022,Production,FILM EDITING,Elvis,Matt Villa and Jonathan Redmond,,
95,2022,Production,FILM EDITING,Everything Everywhere All at Once,Paul Rogers,True,
95,2022,Production,FILM EDITING,Tár,Monika Willi,,
95,2022,Production,FILM EDITING,Top Gun: Maverick,Eddie Hamilton,,
95,2022,Title,INTERNATIONAL FEATURE FILM,All Quiet on the Western Front,Germany,True,
95,2022,Title,INTERNATIONAL FEATURE FILM,"Argentina, 1985",Argentina,,
95,2022,Title,INTERNATIONAL FEATURE FILM,Close,Belgium,,
95,2022,Title,INTERNATIONAL FEATURE FILM,EO,Poland,,
95,2022,Title,INTERNATIONAL FEATURE FILM,The Quiet Girl,Ireland,,
95,2022,Production,MAKEUP AND HAIRSTYLING,All Quiet on the Western Front,Heike Merker and Linda Eisenhamerová,,
95,2022,Production,MAKEUP AND HAIRSTYLING,The Batman,"Naomi Donne, Mike Marino and Mike Fontaine",,
95,2022,Production,MAKEUP AND HAIRSTYLING,Black Panther: Wakanda Forever,Camille Friend and Joel Harlow,,
95,2022,Production,MAKEUP AND HAIRSTYLING,Elvis,"Mark Coulier, Jason Baird and Aldo Signoretti",,
95,2022,Production,MAKEUP AND HAIRSTYLING,The Whale,"Adrien Morot, Judy Chin and Annemarie Bradley",True,
95,2022,Music,MUSIC (Original Score),All Quiet on the Western Front,Volker Bertelmann,True,
95,2022,Music,MUSIC (Original Score),Babylon,Justin Hurwitz,,
95,2022,Music,MUSIC (Original Score),The Banshees of Inisherin,Carter Burwell,,
95,2022,Music,MUSIC (Original Score),Everything Everywhere All at Once,Son Lux,,
95,2022,Music,MUSIC (Original Score),The Fabelmans,John Williams,,
95,2022,Music,MUSIC (Original Song),Tell It like a Woman,Music and Lyric by Diane Warren,,
95,2022,Music,MUSIC (Original Song),Top Gun: Maverick,Music and Lyric by Lady Gaga and BloodPop,,
95,2022,Music,MUSIC (Original Song),Black Panther: Wakanda Forever,"Music by Tems, Rihanna, Ryan Coogler and Ludwig Goransson; Lyric by Tems and Ryan Coogler",,
95,2022,Music,MUSIC (Original Song),RRR,Music by M.M. Keeravaani; Lyric by Chandrabose,True,
95,2022,Music,MUSIC (Original Song),Everything Everywhere All at Once,"Music by Ryan Lott, David Byrne and Mitski; Lyric by Ryan Lott and David Byrne",,
95,2022,Title,BEST PICTURE,All Quiet on the Western Front,"Malte Grunert, Producer",,
95,2022,Title,BEST PICTURE,Avatar: The Way of Water,"James Cameron and Jon Landau, Producers",,
95,2022,Title,BEST PICTURE,The Banshees of Inisherin,"Graham Broadbent, Pete Czernin and Martin McDonagh, Producers",,
95,2022,Title,BEST PICTURE,Elvis,"Baz Luhrmann, Catherine Martin, Gail Berman, Patrick McCormick and Schuyler Weiss, Producers",,
95,2022,Title,BEST PICTURE,Everything Everywhere All at Once,"Daniel Kwan, Daniel Scheinert and Jonathan Wang, Producers",True,
95,2022,Title,BEST PICTURE,The Fabelmans,"Kristie Macosko Krieger, Steven Spielberg and Tony Kushner, Producers",,
95,2022,Title,BEST PICTURE,Tár,"Todd Field, Alexandra Milchan and Scott Lambert, Producers",,
95,2022,Title,BEST PICTURE,Top Gun: Maverick,"Tom Cruise, Christopher McQuarrie, David Ellison and Jerry Bruckheimer, Producers",,
95,2022,Title,BEST PICTURE,Triangle of Sadness,"Erik Hemmendorff and Philippe Bober, Producers",,
95,2022,Title,BEST PICTURE,Women Talking,"Dede Gardner, Jeremy Kleiner and Frances McDormand, Producers",,
95,2022,Production,PRODUCTION DESIGN,All Quiet on the Western Front,Production Design: Christian M. Goldbeck; Set Decoration: Ernestine Hipper,True,
95,2022,Production,PRODUCTION DESIGN,Avatar: The Way of Water,Production Design: Dylan Cole and Ben Procter; Set Decoration: Vanessa Cole,,
95,2022,Production,PRODUCTION DESIGN,Babylon,Production Design: Florencia Martin; Set Decoration: Anthony Carlino,,
95,2022,Production,PRODUCTION DESIGN,Elvis,Production Design: Catherine Martin and Karen Murphy; Set Decoration: Bev Dunn,,
95,2022,Production,PRODUCTION DESIGN,The Fabelmans,Production Design: Rick Carter; Set Decoration: Karen O'Hara,,
95,2022,Title,SHORT FILM (Animated),"The Boy, the Mole, the Fox and the Horse",Charlie Mackesy and Matthew Freud,True,
95,2022,Title,SHORT FILM (Animated),The Flying Sailor,Amanda Forbis and Wendy Tilby,,
95,2022,Title,SHORT FILM (Animated),Ice Merchants,João Gonzalez and Bruno Caetano,,
95,2022,Title,SHORT FILM (Animated),My Year of Dicks,Sara Gunnarsdóttir and Pamela Ribon,,
95,2022,Title,SHORT FILM (Animated),An Ostrich Told Me the World Is Fake and I Think I Believe It,Lachlan Pendragon,,
95,2022,Title,SHORT FILM (Live Action),An Irish Goodbye,Tom Berkeley and Ross White,True,
95,2022,Title,SHORT FILM (Live Action),Ivalu,Anders Walter and Rebecca Pruzan,,
95,2022,Title,SHORT FILM (Live Action),Le Pupille,Alice Rohrwacher and Alfonso Cuarón,,
95,2022,Title,SHORT FILM (Live Action),Night Ride,Eirik Tveiten and Gaute Lid Larssen,,
95,2022,Title,SHORT FILM (Live Action),The Red Suitcase,Cyrus Neshvad,,
95,2022,Production,SOUND,All Quiet on the Western Front,"Viktor Prášil, Frank Kruse, Markus Stemler, Lars Ginzel and Stefan Korte",,
95,2022,Production,SOUND,Avatar: The Way of Water,"Julian Howarth, Gwendolyn Yates Whittle, Dick Bernstein, Christopher Boyes, Gary Summers and Michael Hedges",,
95,2022,Production,SOUND,The Batman,"Stuart Wilson, William Files, Douglas Murray and Andy Nelson",,
95,2022,Production,SOUND,Elvis,"David Lee, Wayne Pashley, Andy Nelson and Michael Keller",,
95,2022,Production,SOUND,Top Gun: Maverick,"Mark Weingarten, James H. Mather, Al Nelson, Chris Burdon and Mark Taylor",True,
95,2022,Production,VISUAL EFFECTS,All Quiet on the Western Front,"Frank Petzold, Viktor Müller, Markus Frank and Kamil Jafar",,
95,2022,Production,VISUAL EFFECTS,Avatar: The Way of Water,"Joe Letteri, Richard Baneham, Eric Saindon and Daniel Barrett",True,
95,2022,Production,VISUAL EFFECTS,The Batman,"Dan Lemmon, Russell Earl, Anders Langlands and Dominic Tuohy",,
95,2022,Production,VISUAL EFFECTS,Black Panther: Wakanda Forever,"Geoffrey Baumann, Craig Hammack, R. Christopher White and Dan Sudick",,
95,2022,Production,VISUAL EFFECTS,Top Gun: Maverick,"Ryan Tudhope, Seth Hill, Bryan Litson and Scott R. Fisher",,
95,2022,Writing,WRITING (Adapted Screenplay),All Quiet on the Western Front,"Screenplay - Edward Berger, Lesley Paterson & Ian Stokell",,
95,2022,Writing,WRITING (Adapted Screenplay),Glass Onion: A Knives Out Mystery,Written by Rian Johnson,,
95,2022,Writing,WRITING (Adapted Screenplay),Living,Written by Kazuo Ishiguro,,
95,2022,Writing,WRITING (Adapted Screenplay),Top Gun: Maverick,Screenplay by Ehren Kruger and Eric Warren Singer and Christopher McQuarrie; Story by Peter Craig and Justin Marks,,
95,2022,Writing,WRITING (Adapted Screenplay),Women Talking,Screenplay by Sarah Polley,True,
95,2022,Writing,WRITING (Original Screenplay),The Banshees of Inisherin,Written by Martin McDonagh,,
95,2022,Writing,WRITING (Original Screenplay),Everything Everywhere All at Once,Written by Daniel Kwan & Daniel Scheinert,True,
95,2022,Writing,WRITING (Original Screenplay),The Fabelmans,Written by Steven Spielberg & Tony Kushner,,
95,2022,Writing,WRITING (Original Screenplay),Tár,Written by Todd Field,,
95,2022,Writing,WRITING (Original Screenplay),Triangle of Sadness,Written by Ruben Östlund,,
95,2022,Special,JEAN HERSHOLT HUMANITARIAN AWARD,,Michael J. Fox,True,
95,2022,Special,HONORARY AWARD,,,True,
95,2022,Special,HONORARY AWARD,,,True,
95,2022,Special,HONORARY AWARD,,,True,
95,2022,Special,GORDON E. SAWYER AWARD,,,True,
95,2022,SciTech,SCIENTIFIC AND TECHNICAL AWARD (Scientific and Engineering Award),,,True,
95,2022,SciTech,SCIENTIFIC AND TECHNICAL AWARD (Scientific and Engineering Award),,,True,
95,2022,SciTech,SCIENTIFIC AND TECHNICAL AWARD (Technical Achievement Award),,,True,
95,2022,SciTech,SCIENTIFIC AND TECHNICAL AWARD (Technical Achievement Award),,,True,
95,2022,SciTech,SCIENTIFIC AND TECHNICAL AWARD (Technical Achievement Award),,,True,
95,2022,SciTech,SCIENTIFIC AND TECHNICAL AWARD (Technical Achievement Award),,,True,
95,2022,SciTech,SCIENTIFIC AND TECHNICAL AWARD (Technical Achievement Award),,,True,
95,2022,Special,AWARD OF COMMENDATION,Welcome to Chechnya,,True,
96,2023,Acting,ACTOR IN A LEADING ROLE,Maestro,Bradley Cooper,,
96,2023,Acting,ACTOR IN A LEADING ROLE,Rustin,Colman Domingo,,
96,2023,Acting,ACTOR IN A LEADING ROLE,The Holdovers,Paul Giamatti,,
96,2023,Acting,ACTOR IN A LEADING ROLE,Oppenheimer,Cillian Murphy,True,
96,2023,Acting,ACTOR IN A LEADING ROLE,American Fiction,Jeffrey Wright,,
96,2023,Acting,ACTOR IN A SUPPORTING ROLE,American Fiction,Sterling K. Brown,,
96,2023,Acting,ACTOR IN A SUPPORTING ROLE,Killers of the Flower Moon,Robert De Niro,,
96,2023,Acting,ACTOR IN A SUPPORTING ROLE,Oppenheimer,Robert Downey Jr.,True,
96,2023,Acting,ACTOR IN A SUPPORTING ROLE,Barbie,Ryan Gosling,,
96,2023,Acting,ACTOR IN A SUPPORTING ROLE,Poor Things,Mark Ruffalo,,
96,2023,Acting,ACTRESS IN A LEADING ROLE,Nyad,Annette Bening,,
96,2023,Acting,ACTRESS IN A LEADING ROLE,Killers of the Flower Moon,Lily Gladstone,,
96,2023,Acting,ACTRESS IN A LEADING ROLE,Anatomy of a Fall,Sandra Hüller,,
96,2023,Acting,ACTRESS IN A LEADING ROLE,Maestro,Carey Mulligan,,
96,2023,Acting,ACTRESS IN A LEADING ROLE,Poor Things,Emma Stone,True,
96,2023,Acting,ACTRESS IN A SUPPORTING ROLE,Oppenheimer,Emily Blunt,,
96,2023,Acting,ACTRESS IN A SUPPORTING ROLE,The Color Purple,Danielle Brooks,,
96,2023,Acting,ACTRESS IN A SUPPORTING ROLE,Barbie,America Ferrera,,
96,2023,Acting,ACTRESS IN A SUPPORTING ROLE,Nyad,Jodie Foster,,
96,2023,Acting,ACTRESS IN A SUPPORTING ROLE,The Holdovers,Da'Vine Joy Randolph,True,
96,2023,Title,ANIMATED FEATURE FILM,The Boy and the Heron,Hayao Miyazaki and Toshio Suzuki,True,
96,2023,Title,ANIMATED FEATURE FILM,Elemental,Peter Sohn and Denise Ream,,
96,2023,Title,ANIMATED FEATURE FILM,Nimona,"Nick Bruno, Troy Quane, Karen Ryan and Julie Zackary",,
96,2023,Title,ANIMATED FEATURE FILM,Robot Dreams,"Pablo Berger, Ibon Cormenzana, Ignasi Estapé and Sandra Tapia Díaz",,
96,2023,Title,ANIMATED FEATURE FILM,Spider-Man: Across the Spider-Verse,"Kemp Powers, Justin K. Thompson, Phil Lord, Christopher Miller and Amy Pascal",,
96,2023,Production,CINEMATOGRAPHY,El Conde,Edward Lachman,,
96,2023,Production,CINEMATOGRAPHY,Killers of the Flower Moon,Rodrigo Prieto,,
96,2023,Production,CINEMATOGRAPHY,Maestro,Matthew Libatique,,
96,2023,Production,CINEMATOGRAPHY,Oppenheimer,Hoyte van Hoytema,True,
96,2023,Production,CINEMATOGRAPHY,Poor Things,Robbie Ryan,,
96,2023,Production,COSTUME DESIGN,Barbie,Jacqueline Durran,,
96,2023,Production,COSTUME DESIGN,Killers of the Flower Moon,Jacqueline West,,
96,2023,Production,COSTUME DESIGN,Napoleon,Janty Yates and Dave Crossman,,
96,2023,Production,COSTUME DESIGN,Oppenheimer,Ellen Mirojnick,,
96,2023,Production,COSTUME DESIGN,Poor Things,Holly Waddington,True,
96,2023,Directing,DIRECTING,Anatomy of a Fall,Justine Triet,,
96,2023,Directing,DIRECTING,Killers of the Flower Moon,Martin Scorsese,,
96,2023,Directing,DIRECTING,Oppenheimer,Christopher Nolan,True,
96,2023,Directing,DIRECTING,Poor Things,Yorgos Lanthimos,,
96,2023,Directing,DIRECTING,The Zone of Interest,Jonathan Glazer,,
96,2023,Title,DOCUMENTARY FEATURE FILM,Bobi Wine: The People's President,"Moses Bwayo, Christopher Sharp and John Battsek",,
96,2023,Title,DOCUMENTARY FEATURE FILM,The Eternal Memory,Maite Alberdi,,
96,2023,Title,DOCUMENTARY FEATURE FILM,Four Daughters,Kaouther Ben Hania and Nadim Cheikhrouha,,
96,2023,Title,DOCUMENTARY FEATURE FILM,To Kill a Tiger,"Nisha Pahuja, Cornelia Principe and David Oppenheim",,
96,2023,Title,DOCUMENTARY FEATURE FILM,20 Days in Mariupol,"Mstyslav Chernov, Michelle Mizner and Raney Aronson-Rath",True,
96,2023,Title,DOCUMENTARY SHORT FILM,The ABCs of Book Banning,Sheila Nevins and Trish Adlesic,,
96,2023,Title,DOCUMENTARY SHORT FILM,The Barber of Little Rock,John Hoffman and Christine Turner,,
96,2023,Title,DOCUMENTARY SHORT FILM,Island in Between,S. Leo Chiang and Jean Tsien,,
96,2023,Title,DOCUMENTARY SHORT FILM,The Last Repair Shop,Ben Proudfoot and Kris Bowers,True,
96,2023,Title,DOCUMENTARY SHORT FILM,Nai Nai & Wài Pó,Sean Wang and Sam Davis,,
96,2023,Production,FILM EDITING,Anatomy of a Fall,Laurent Sénéchal,,
96,2023,Production,FILM EDITING,The Holdovers,Kevin Tent,,
96,2023,Production,FILM EDITING,Killers of the Flower Moon,Thelma Schoonmaker,,
96,2023,Production,FILM EDITING,Oppenheimer,Jennifer Lame,True,
96,2023,Production,FILM EDITING,Poor Things,Yorgos Mavropsaridis,,
96,2023,Title,INTERNATIONAL FEATURE FILM,Io Capitano,Italy,,
96,2023,Title,INTERNATIONAL FEATURE FILM,Perfect Days,Japan,,
96,2023,Title,INTERNATIONAL FEATURE FILM,Society of the Snow,Spain,,
96,2023,Title,INTERNATIONAL FEATURE FILM,The Teachers' Lounge,Germany,,
96,2023,Title,INTERNATIONAL FEATURE FILM,The Zone of Interest,United Kingdom,True,
96,2023,Production,MAKEUP AND HAIRSTYLING,Golda,"Karen Hartley Thomas, Suzi Battersby and Ashra Kelly-Blue",,
96,2023,Production,MAKEUP AND HAIRSTYLING,Maestro,"Kazu Hiro, Kay Georgiou and Lori McCoy-Bell",,
96,2023,Production,MAKEUP AND HAIRSTYLING,Oppenheimer,Luisa Abel,,
96,2023,Production,MAKEUP AND HAIRSTYLING,Poor Things,"Nadia Stacey, Mark Coulier and Josh Weston",True,
96,2023,Production,MAKEUP AND HAIRSTYLING,Society of the Snow,"Ana López-Puigcerver, David Martí and Montse Ribé",,
96,2023,Music,MUSIC (Original Score),American Fiction,Laura Karpman,,
96,2023,Music,MUSIC (Original Score),Indiana Jones and the Dial of Destiny,John Williams,,
96,2023,Music,MUSIC (Original Score),Killers of the Flower Moon,Robbie Robertson,,
96,2023,Music,MUSIC (Original Score),Oppenheimer,Ludwig Göransson,True,
96,2023,Music,MUSIC (Original Score),Poor Things,Jerskin Fendrix,,
96,2023,Music,MUSIC (Original Song),Flamin' Hot,Music and Lyric by Diane Warren,,
96,2023,Music,MUSIC (Original Song),Barbie,Music and Lyric by Mark Ronson and Andrew Wyatt,,
96,2023,Music,MUSIC (Original Song),American Symphony,Music and Lyric by Jon Batiste and Dan Wilson,,
96,2023,Music,MUSIC (Original Song),Killers of the Flower Moon,Music and Lyric by Scott George,,
96,2023,Music,MUSIC (Original Song),Barbie,Music and Lyric by Billie Eilish and Finneas O'Connell,True,
96,2023,Title,BEST PICTURE,American Fiction,"Ben LeClair, Nikos Karamigios, Cord Jefferson and Jermaine Johnson, Producers",,
96,2023,Title,BEST PICTURE,Anatomy of a Fall,"Marie-Ange Luciani and David Thion, Producers",,
96,2023,Title,BEST PICTURE,Barbie,"David Heyman, Margot Robbie, Tom Ackerley and Robbie Brenner, Producers",,
96,2023,Title,BEST PICTURE,The Holdovers,"Mark Johnson, Producer",,
96,2023,Title,BEST PICTURE,Killers of the Flower Moon,"Dan Friedkin, Bradley Thomas, Martin Scorsese and Daniel Lupi, Producers",,
96,2023,Title,BEST PICTURE,Maestro,"Bradley Cooper, Steven Spielberg, Fred Berner, Amy Durning and Kristie Macosko Krieger, Producers",,
96,2023,Title,BEST PICTURE,Oppenheimer,"Emma Thomas, Charles Roven and Christopher Nolan, Producers",True,
96,2023,Title,BEST PICTURE,Past Lives,"David Hinojosa, Christine Vachon and Pamela Koffler, Producers",,
96,2023,Title,BEST PICTURE,Poor Things,"Ed Guiney, Andrew Lowe, Yorgos Lanthimos and Emma Stone, Producers",,
96,2023,Title,BEST PICTURE,The Zone of Interest,"James Wilson, Producer",,
96,2023,Production,PRODUCTION DESIGN,Barbie,Production Design: Sarah Greenwood; Set Decoration: Katie Spencer,,
96,2023,Production,PRODUCTION DESIGN,Killers of the Flower Moon,Production Design: Jack Fisk; Set Decoration: Adam Willis,,
96,2023,Production,PRODUCTION DESIGN,Napoleon,Production Design: Arthur Max; Set Decoration: Elli Griff,,
96,2023,Production,PRODUCTION DESIGN,Oppenheimer,Production Design: Ruth De Jong; Set Decoration: Claire Kaufman,,
96,2023,Production,PRODUCTION DESIGN,Poor Things,Production Design: James Price and Shona Heath; Set Decoration: Zsuzsa Mihalek,True,
96,2023,Title,SHORT FILM (Animated),Letter to a Pig,Tal Kantor and Amit R. Gicelter,,
96,2023,Title,SHORT FILM (Animated),Ninety-Five Senses,Jerusha Hess and Jared Hess,,
96,2023,Title,SHORT FILM (Animated),Our Uniform,Yegane Moghaddam,,
96,2023,Title,SHORT FILM (Animated),Pachyderme,Stéphanie Clément and Marc Rius,,
96,2023,Title,SHORT FILM (Animated),WAR IS OVER! Inspired by the Music of John & Yoko,Dave Mullins and Brad Booker,True,
96,2023,Title,SHORT FILM (Live Action),The After,Misan Harriman and Nicky Bentham,,
96,2023,Title,SHORT FILM (Live Action),Invincible,Vincent René-Lortie and Samuel Caron,,
96,2023,Title,SHORT FILM (Live Action),Knight of Fortune,Lasse Lyskjær Noer and Christian Norlyk,,
96,2023,Title,SHORT FILM (Live Action),"Red, White and Blue",Nazrin Choudhury and Sara McFarlane,,
96,2023,Title,SHORT FILM (Live Action),The Wonderful Story of Henry Sugar,Wes Anderson and Steven Rales,True,
96,2023,Production,SOUND,The Creator,"Ian Voigt, Erik Aadahl, Ethan Van der Ryn, Tom Ozanich and Dean Zupancic",,
96,2023,Production,SOUND,Maestro,"Steven A. Morrow, Richard King, Jason Ruder, Tom Ozanich and Dean Zupancic",,
96,2023,Production,SOUND,Mission: Impossible - Dead Reckoning Part One,"Chris Munro, James H. Mather, Chris Burdon and Mark Taylor",,
96,2023,Production,SOUND,Oppenheimer,"Willie Burton, Richard King, Gary A. Rizzo and Kevin O'Connell",,
96,2023,Production,SOUND,The Zone of Interest,Tarn Willers and Johnnie Burn,True,
96,2023,Production,VISUAL EFFECTS,The Creator,"Jay Cooper, Ian Comley, Andrew Roberts and Neil Corbould",,
96,2023,Production,VISUAL EFFECTS,Godzilla Minus One,"Takashi Yamazaki, Kiyoko Shibuya, Masaki Takahashi and Tatsuji Nojima",True,
96,2023,Production,VISUAL EFFECTS,Guardians of the Galaxy Vol. 3,"Stephane Ceretti, Alexis Wajsbrot, Guy Williams and Theo Bialek",,
96,2023,Production,VISUAL EFFECTS,Mission: Impossible - Dead Reckoning Part One,"Alex Wuttke, Simone Coco, Jeff Sutherland and Neil Corbould",,
96,2023,Production,VISUAL EFFECTS,Napoleon,"Charley Henley, Luc-Ewen Martin-Fenouillet, Simone Coco and Neil Corbould",,
96,2023,Writing,WRITING (Adapted Screenplay),American Fiction,Written for the screen by Cord Jefferson,True,
96,2023,Writing,WRITING (Adapted Screenplay),Barbie,Written by Greta Gerwig & Noah Baumbach,,
96,2023,Writing,WRITING (Adapted Screenplay),Oppenheimer,Written for the screen by Christopher Nolan,,
96,2023,Writing,WRITING (Adapted Screenplay),Poor Things,Screenplay by Tony McNamara,,
96,2023,Writing,WRITING (Adapted Screenplay),The Zone of Interest,Written by Jonathan Glazer,,
96,2023,Writing,WRITING (Original Screenplay),Anatomy of a Fall,Screenplay - Justine Triet and Arthur Harari,True,
96,2023,Writing,WRITING (Original Screenplay),The Holdovers,Written by David Hemingson,,
96,2023,Writing,WRITING (Original Screenplay),Maestro,Written by Bradley Cooper & Josh Singer,,
96,2023,Writing,WRITING (Original Screenplay),May December,Screenplay by Samy Burch; Story by Samy Burch & Alex Mechanik,,
96,2023,Writing,WRITING (Original Screenplay),Past Lives,Written by Celine Song,,
96,2023,Special,JEAN HERSHOLT HUMANITARIAN AWARD,,Michelle Satter,True,
96,2023,Special,HONORARY AWARD,,,True,
96,2023,Special,HONORARY AWARD,,,True,
96,2023,Special,HONORARY AWARD,,,True,
96,2023,SciTech,SCIENTIFIC AND TECHNICAL AWARD (Scientific and Engineering Award),,,True,
96,2023,SciTech,SCIENTIFIC AND TECHNICAL AWARD (Scientific and Engineering Award),,,True,
96,2023,SciTech,SCIENTIFIC AND TECHNICAL AWARD (Scientific and Engineering Award),,,True,
96,2023,SciTech,SCIENTIFIC AND TECHNICAL AWARD (Scientific and Engineering Award),,,True,
96,2023,SciTech,SCIENTIFIC AND TECHNICAL AWARD (Scientific and Engineering Award),,,True,
96,2023,SciTech,SCIENTIFIC AND TECHNICAL AWARD (Scientific and Engineering Award),,,True,
96,2023,SciTech,SCIENTIFIC AND TECHNICAL AWARD (Scientific and Engineering Award),,,True,
96,2023,SciTech,SCIENTIFIC AND TECHNICAL AWARD (Technical Achievement Award),,,True,
96,2023,SciTech,SCIENTIFIC AND TECHNICAL AWARD (Technical Achievement Award),,,True,
96,2023,SciTech,SCIENTIFIC AND TECHNICAL AWARD (Technical Achievement Award),,,True,
96,2023,SciTech,SCIENTIFIC AND TECHNICAL AWARD (Technical Achievement Award),,,True,
96,2023,SciTech,SCIENTIFIC AND TECHNICAL AWARD (Technical Achievement Award),,,True,
96,2023,SciTech,SCIENTIFIC AND TECHNICAL AWARD (Technical Achievement Award),,,True,
96,2023,SciTech,SCIENTIFIC AND TECHNICAL AWARD (Technical Achievement Award),,,True,
96,2023,SciTech,SCIENTIFIC AND TECHNICAL AWARD (Technical Achievement Award),,,True,
96,2023,SciTech,SCIENTIFIC AND TECHNICAL AWARD (Technical Achievement Award),,,True,
97,2024,Acting,ACTOR IN A LEADING ROLE,The Brutalist,Adrien Brody,True,
97,2024,Acting,ACTOR IN A LEADING ROLE,A Complete Unknown,Timothée Chalamet,,
97,2024,Acting,ACTOR IN A LEADING ROLE,Sing Sing,Colman Domingo,,
97,2024,Acting,ACTOR IN A LEADING ROLE,Conclave,Ralph Fiennes,,
97,2024,Acting,ACTOR IN A LEADING ROLE,The Apprentice,Sebastian Stan,,
97,2024,Acting,ACTOR IN A SUPPORTING ROLE,Anora,Yura Borisov,,
97,2024,Acting,ACTOR IN A SUPPORTING ROLE,A Real Pain,Kieran Culkin,True,
97,2024,Acting,ACTOR IN A SUPPORTING ROLE,A Complete Unknown,Edward Norton,,
97,2024,Acting,ACTOR IN A SUPPORTING ROLE,The Brutalist,Guy Pearce,,
97,2024,Acting,ACTOR IN A SUPPORTING ROLE,The Apprentice,Jeremy Strong,,
97,2024,Acting,ACTRESS IN A LEADING ROLE,Wicked,Cynthia Erivo,,
97,2024,Acting,ACTRESS IN A LEADING ROLE,Emilia Pérez,Karla Sofía Gascón,,
97,2024,Acting,ACTRESS IN A LEADING ROLE,Anora,Mikey Madison,True,
97,2024,Acting,ACTRESS IN A LEADING ROLE,The Substance,Demi Moore,,
97,2024,Acting,ACTRESS IN A LEADING ROLE,I'm Still Here,Fernanda Torres,,
97,2024,Acting,ACTRESS IN A SUPPORTING ROLE,A Complete Unknown,Monica Barbaro,,
97,2024,Acting,ACTRESS IN A SUPPORTING ROLE,Wicked,Ariana Grande,,
97,2024,Acting,ACTRESS IN A SUPPORTING ROLE,The Brutalist,Felicity Jones,,
97,2024,Acting,ACTRESS IN A SUPPORTING ROLE,Conclave,Isabella Rossellini,,
97,2024,Acting,ACTRESS IN A SUPPORTING ROLE,Emilia Pérez,Zoe Saldaña,True,
97,2024,Title,ANIMATED FEATURE FILM,Flow,"Gints Zilbalodis, Matiss Kaža, Ron Dyens and Gregory Zalcman",True,
97,2024,Title,ANIMATED FEATURE FILM,Inside Out 2,Kelsey Mann and Mark Nielsen,,
97,2024,Title,ANIMATED FEATURE FILM,Memoir of a Snail,Adam Elliot and Liz Kearney,,
97,2024,Title,ANIMATED FEATURE FILM,Wallace & Gromit: Vengeance Most Fowl,"Nick Park, Merlin Crossingham and Richard Beek",,
97,2024,Title,ANIMATED FEATURE FILM,The Wild Robot,Chris Sanders and Jeff Hermann,,
97,2024,Title,ANIMATED SHORT FILM,Beautiful Men,Nicolas Keppens and Brecht Van Elslande,,
97,2024,Title,ANIMATED SHORT FILM,In the Shadow of the Cypress,Shirin Sohani and Hossein Molayemi,True,
97,2024,Title,ANIMATED SHORT FILM,Magic Candies,Daisuke Nishio and Takashi Washio,,
97,2024,Title,ANIMATED SHORT FILM,Wander to Wonder,Nina Gantz and Stienette Bosklopper,,
97,2024,Title,ANIMATED SHORT FILM,Yuck!,Loïc Espuche and Juliette Marquet,,
97,2024,Production,CINEMATOGRAPHY,The Brutalist,Lol Crawley,True,
97,2024,Production,CINEMATOGRAPHY,Dune: Part Two,Greig Fraser,,
97,2024,Production,CINEMATOGRAPHY,Emilia Pérez,Paul Guilhaume,,
97,2024,Production,CINEMATOGRAPHY,Maria,Ed Lachman,,
97,2024,Production,CINEMATOGRAPHY,Nosferatu,Jarin Blaschke,,
97,2024,Production,COSTUME DESIGN,A Complete Unknown,Arianne Phillips,,
97,2024,Production,COSTUME DESIGN,Conclave,Lisy Christl,,
97,2024,Production,COSTUME DESIGN,Gladiator II,Janty Yates and Dave Crossman,,
97,2024,Production,COSTUME DESIGN,Nosferatu,Linda Muir,,
97,2024,Production,COSTUME DESIGN,Wicked,Paul Tazewell,True,
97,2024,Directing,DIRECTING,Anora,Sean Baker,True,
97,2024,Directing,DIRECTING,The Brutalist,Brady Corbet,,
97,2024,Directing,DIRECTING,A Complete Unknown,James Mangold,,
97,2024,Directing,DIRECTING,Emilia Pérez,Jacques Audiard,,
97,2024,Directing,DIRECTING,The Substance,Coralie Fargeat,,
97,2024,Title,DOCUMENTARY FEATURE FILM,Black Box Diaries,"Shiori Ito, Eric Nyari and Hanna Aqvilin",,
97,2024,Title,DOCUMENTARY FEATURE FILM,No Other Land,"Basel Adra, Rachel Szor, Hamdan Ballal and Yuval Abraham",True,
97,2024,Title,DOCUMENTARY FEATURE FILM,Porcelain War,"Brendan Bellomo, Slava Leontyev, Aniela Sidorska and Paula DuPre' Pesmen",,
97,2024,Title,DOCUMENTARY FEATURE FILM,Soundtrack to a Coup d'Etat,"Johan Grimonprez, Daan Milius and Rémi Grellety",,
97,2024,Title,DOCUMENTARY FEATURE FILM,Sugarcane,"Julian Brave NoiseCat, Emily Kassie and Kellen Quinn",,
97,2024,Title,DOCUMENTARY SHORT FILM,Death by Numbers,Kim A. Snyder and Janique L. Robillard,,
97,2024,Title,DOCUMENTARY SHORT FILM,"I Am Ready, Warden",Smriti Mundhra and Maya Gnyp,,
97,2024,Title,DOCUMENTARY SHORT FILM,Incident,Bill Morrison and Jamie Kalven,,
97,2024,Title,DOCUMENTARY SHORT FILM,Instruments of a Beating Heart,Ema Ryan Yamazaki and Eric Nyari,,
97,2024,Title,DOCUMENTARY SHORT FILM,The Only Girl in the Orchestra,Molly O'Brien and Lisa Remington,True,
97,2024,Production,FILM EDITING,Anora,Sean Baker,True,
97,2024,Production,FILM EDITING,The Brutalist,David Jancso,,
97,2024,Production,FILM EDITING,Conclave,Nick Emerson,,
97,2024,Production,FILM EDITING,Emilia Pérez,Juliette Welfling,,
97,2024,Production,FILM EDITING,Wicked,Myron Kerstein,,
97,2024,Title,INTERNATIONAL FEATURE FILM,Emilia Pérez,France,,
97,2024,Title,INTERNATIONAL FEATURE FILM,Flow,Latvia,,
97,2024,Title,INTERNATIONAL FEATURE FILM,The Girl with the Needle,Denmark,,
97,2024,Title,INTERNATIONAL FEATURE FILM,I'm Still Here,Brazil,True,
97,2024,Title,INTERNATIONAL FEATURE FILM,The Seed of the Sacred Fig,Germany,,
97,2024,Production,MAKEUP AND HAIRSTYLING,A Different Man,"Mike Marino, David Presto and Crystal Jurado",,
97,2024,Production,MAKEUP AND HAIRSTYLING,Emilia Pérez,"Julia Floch Carbonel, Emmanuel Janvier and Jean-Christophe Spadaccini",,
97,2024,Production,MAKEUP AND HAIRSTYLING,Nosferatu,"David White, Traci Loader and Suzanne Stokes-Munton",,
97,2024,Production,MAKEUP AND HAIRSTYLING,The Substance,"Pierre-Olivier Persin, Stéphanie Guillon and Marilyne Scarselli",True,
97,2024,Production,MAKEUP AND HAIRSTYLING,Wicked,"Frances Hannon, Laura Blount and Sarah Nuth",,
97,2024,Music,MUSIC (Original Score),The Brutalist,Daniel Blumberg,True,
97,2024,Music,MUSIC (Original Score),Conclave,Volker Bertelmann,,
97,2024,Music,MUSIC (Original Score),Emilia Pérez,Clément Ducol and Camille,,
97,2024,Music,MUSIC (Original Score),Wicked,John Powell and Stephen Schwartz,,
97,2024,Music,MUSIC (Original Score),The Wild Robot,Kris Bowers,,
97,2024,Music,MUSIC (Original Song),Emilia Pérez,"Music by Clément Ducol and Camille; Lyric by Clément Ducol, Camille and Jacques Audiard",True,
97,2024,Music,MUSIC (Original Song),The Six Triple Eight,Music and Lyric by Diane Warren,,
97,2024,Music,MUSIC (Original Song),Sing Sing,Music and Lyric by Abraham Alexander and Adrian Quesada,,
97,2024,Music,MUSIC (Original Song),Emilia Pérez,Music and Lyric by Camille and Clément Ducol,,
97,2024,Music,MUSIC (Original Song),Elton John: Never Too Late,"Music and Lyric by Elton John, Brandi Carlile, Andrew Watt and Bernie Taupin",,
97,2024,Title,BEST PICTURE,Anora,"Alex Coco, Samantha Quan and Sean Baker, Producers",True,
97,2024,Title,BEST PICTURE,The Brutalist,"Nick Gordon, Brian Young, Andrew Morrison, D.J. Gugenheim and Brady Corbet, Producers",,
97,2024,Title,BEST PICTURE,A Complete Unknown,"Fred Berger, James Mangold and Alex Heineman, Producers",,
97,2024,Title,BEST PICTURE,Conclave,"Tessa Ross, Juliette Howell and Michael A. Jackman, Producers",,
97,2024,Title,BEST PICTURE,Dune: Part Two,"Mary Parent, Cale Boyter, Tanya Lapointe and Denis Villeneuve, Producers",,
97,2024,Title,BEST PICTURE,Emilia Pérez,"Pascal Caucheteux and Jacques Audiard, Producers",,
97,2024,Title,BEST PICTURE,I'm Still Here,"Maria Carlota Bruno and Rodrigo Teixeira, Producers",,
97,2024,Title,BEST PICTURE,Nickel Boys,"Dede Gardner, Jeremy Kleiner and Joslyn Barnes, Producers",,
97,2024,Title,BEST PICTURE,The Substance,"Coralie Fargeat and Tim Bevan & Eric Fellner, Producers",,
97,2024,Title,BEST PICTURE,Wicked,"Marc Platt, Producer",,
97,2024,Production,PRODUCTION DESIGN,The Brutalist,Production Design: Judy Becker; Set Decoration: Patricia Cuccia,,
97,2024,Production,PRODUCTION DESIGN,Conclave,Production Design: Suzie Davies; Set Decoration: Cynthia Sleiter,,
97,2024,Production,PRODUCTION DESIGN,Dune: Part Two,Production Design: Patrice Vermette; Set Decoration: Shane Vieau,,
97,2024,Production,PRODUCTION DESIGN,Nosferatu,Production Design: Craig Lathrop; Set Decoration: Beatrice Brentnerová,,
97,2024,Production,PRODUCTION DESIGN,Wicked,Production Design: Nathan Crowley; Set Decoration: Lee Sandales,True,
97,2024,Title,SHORT FILM (Live Action),A Lien,Sam Cutler-Kreutz and David Cutler-Kreutz,,
97,2024,Title,SHORT FILM (Live Action),Anuja,Adam J. Graves and Suchitra Mattai,,
97,2024,Title,SHORT FILM (Live Action),I'm Not a Robot,Victoria Warmerdam and Trent,True,
97,2024,Title,SHORT FILM (Live Action),The Last Ranger,Cindy Lee and Darwin Shaw,,
97,2024,Title,SHORT FILM (Live Action),The Man Who Could Not Remain Silent,Nebojša Slijepcevic and Danijel Pek,,
97,2024,Production,SOUND,A Complete Unknown,"Tod A. Maitland, Donald Sylvester, Ted Caplan, Paul Massey and David Giammarco",,
97,2024,Production,SOUND,Dune: Part Two,"Gareth John, Richard King, Ron Bartlett and Doug Hemphill",True,
97,2024,Production,SOUND,Emilia Pérez,"Erwan Kerzanet, Aymeric Devoldère, Maxence Dussère, Cyril Holtz and Niels Barletta",,
97,2024,Production,SOUND,Wicked,"Simon Hayes, Nancy Nugent Title, Jack Dolman, Andy Nelson and John Marquis",,
97,2024,Production,SOUND,The Wild Robot,"Randy Thom, Brian Chumney, Gary A. Rizzo and Leff Lefferts",,
97,2024,Production,VISUAL EFFECTS,Alien: Romulus,"Eric Barba, Nelson Sepulveda-Fauser, Daniel Macarin and Shane Mahan",,
97,2024,Production,VISUAL EFFECTS,Better Man,"Luke Millar, David Clayton, Keith Herft and Peter Stubbs",,
97,2024,Production,VISUAL EFFECTS,Dune: Part Two,"Paul Lambert, Stephen James, Rhys Salcombe and Gerd Nefzer",True,
97,2024,Production,VISUAL EFFECTS,Kingdom of the Planet of the Apes,"Erik Winquist, Stephen Unterfranz, Paul Story and Rodney Burke",,
97,2024,Production,VISUAL EFFECTS,Wicked,"Pablo Helman, Jonathan Fawkner, David Shirk and Paul Corbould",,
97,2024,Writing,WRITING (Adapted Screenplay),A Complete Unknown,Screenplay by James Mangold and Jay Cocks,,
97,2024,Writing,WRITING (Adapted Screenplay),Conclave,Screenplay by Peter Straughan,True,
97,2024,Writing,WRITING (Adapted Screenplay),Emilia Pérez,"Screenplay by Jacques Audiard; In collaboration with Thomas Bidegain, Léa Mysius and Nicolas Livecchi",,
97,2024,Writing,WRITING (Adapted Screenplay),Nickel Boys,Screenplay by RaMell Ross & Joslyn Barnes,,
97,2024,Writing,WRITING (Adapted Screenplay),Sing Sing,"Screenplay by Clint Bentley, Greg Kwedar; Story by Clint Bentley, Greg Kwedar, Clarence Maclin, John \""Divine G\"" Whitfield",,
97,2024,Writing,WRITING (Original Screenplay),Anora,Written by Sean Baker,True,
97,2024,Writing,WRITING (Original Screenplay),The Brutalist,"Written by Brady Corbet, Mona Fastvold",,
97,2024,Writing,WRITING (Original Screenplay),A Real Pain,Written by Jesse Eisenberg,,
97,2024,Writing,WRITING (Original Screenplay),September 5,"Written by Moritz Binder, Tim Fehlbaum; Co-Written by Alex David",,
97,2024,Writing,WRITING (Original Screenplay),The Substance,Written by Coralie Fargeat,,
97,2024,Special,JEAN HERSHOLT HUMANITARIAN AWARD,,Richard Curtis,True,
97,2024,Special,HONORARY AWARD,,,True,
97,2024,Special,HONORARY AWARD,,,True,
97,2024,Special,IRVING G. THALBERG MEMORIAL AWARD,,Michael G. Wilson and Barbara Broccoli,True,
97,2024,SciTech,SCIENTIFIC AND TECHNICAL AWARD (Scientific and Engineering Award),,,True,
97,2024,SciTech,SCIENTIFIC AND TECHNICAL AWARD (Scientific and Engineering Award),,,True,
97,2024,SciTech,SCIENTIFIC AND TECHNICAL AWARD (Scientific and Engineering Award),,,True,
97,2024,SciTech,SCIENTIFIC AND TECHNICAL AWARD (Scientific and Engineering Award),,,True,
97,2024,SciTech,SCIENTIFIC AND TECHNICAL AWARD (Scientific and Engineering Award),,,True,
97,2024,SciTech,SCIENTIFIC AND TECHNICAL AWARD (Scientific and Engineering Award),,,True,
97,2024,SciTech,SCIENTIFIC AND TECHNICAL AWARD (Technical Achievement Award),,,True,
97,2024,SciTech,SCIENTIFIC AND TECHNICAL AWARD (Technical Achievement Award),,,True,
97,2024,SciTech,SCIENTIFIC AND TECHNICAL AWARD (Technical Achievement Award),,,True,
97,2024,SciTech,SCIENTIFIC AND TECHNICAL AWARD (Technical Achievement Award),,,True,
97,2024,SciTech,SCIENTIFIC AND TECHNICAL AWARD (Technical Achievement Award),,,True,
97,2024,SciTech,SCIENTIFIC AND TECHNICAL AWARD (Technical Achievement Award),,,True,
97,2024,SciTech,SCIENTIFIC AND TECHNICAL AWARD (Technical Achievement Award),,,True,
97,2024,SciTech,SCIENTIFIC AND TECHNICAL AWARD (Technical Achievement Award),,,True,
97,2025,Acting,ACTOR IN A LEADING ROLE,The Brutalist,Adrien Brody,True,tt1234567
97,2025,Acting,ACTOR IN A LEADING ROLE,A Real Pain,Kieran Culkin,,tt2345678
97,2025,Acting,ACTOR IN A LEADING ROLE,Anora,Mikey Madison,,tt3456789
97,2025,Acting,ACTOR IN A LEADING ROLE,Emilia Pérez,Zoe Saldaña,,tt4567890
97,2025,Acting,ACTOR IN A LEADING ROLE,Flow,Gints Zilbalodis,,tt5678901
97,2025,Acting,ACTOR IN A SUPPORTING ROLE,A Real Pain,Kieran Culkin,True,tt2345678
97,2025,Acting,ACTOR IN A SUPPORTING ROLE,The Brutalist,Mark Ruffalo,,tt1234567
97,2025,Acting,ACTOR IN A SUPPORTING ROLE,Emilia Pérez,Édgar Ramírez,,tt4567890
97,2025,Acting,ACTOR IN A SUPPORTING ROLE,Anora,Simon Rex,,tt3456789
97,2025,Acting,ACTOR IN A SUPPORTING ROLE,Flow,Matīss Kaža,,tt5678901
97,2025,Acting,ACTRESS IN A LEADING ROLE,Anora,Mikey Madison,True,tt3456789
97,2025,Acting,ACTRESS IN A LEADING ROLE,The Substance,Demi Moore,,tt6789012
97,2025,Acting,ACTRESS IN A LEADING ROLE,Wicked,Cynthia Erivo,,tt7890123
97,2025,Acting,ACTRESS IN A LEADING ROLE,Dune: Part Two,Rebecca Ferguson,,tt8901234
97,2025,Acting,ACTRESS IN A LEADING ROLE,Emilia Pérez,Zoe Saldaña,,tt4567890
97,2025,Acting,ACTRESS IN A SUPPORTING ROLE,Emilia Pérez,Zoe Saldaña,True,tt4567890
97,2025,Acting,ACTRESS IN A SUPPORTING ROLE,The Brutalist,Vanessa Kirby,,tt1234567
97,2025,Acting,ACTRESS IN A SUPPORTING ROLE,Anora,Betty Gabriel,,tt3456789
97,2025,Acting,ACTRESS IN A SUPPORTING ROLE,Wicked,Ariana Grande,,tt7890123
97,2025,Acting,ACTRESS IN A SUPPORTING ROLE,Flow,Anna Zača,,tt5678901
97,2025,Animated,ANIMATED FEATURE FILM,Flow,"Gints Zilbalodis, Matīss Kaža, Ron Dyens, Gregory Zalcman",True,tt5678901
97,2025,Animated,ANIMATED FEATURE FILM,The Peasants,"DK Welchman, Hugh Welchman",,tt9012345
97,2025,Animated,ANIMATED FEATURE FILM,Robot Dreams,Pablo Berger,,tt0123456
97,2025,Animated,ANIMATED FEATURE FILM,Wish,"Chris Buck, Fawn Veerasunthorn",,tt2345679
97,2025,Animated,ANIMATED FEATURE FILM,Migration,Benjamin Renner,,tt3456790
97,2025,Cinematography,CINEMATOGRAPHY,The Brutalist,Lol Crawley,True,tt1234567
97,2025,Cinematography,CINEMATOGRAPHY,Dune: Part Two,Greig Fraser,,tt8901234
97,2025,Cinematography,CINEMATOGRAPHY,Anora,Drew Daniels,,tt3456789
97,2025,Cinematography,CINEMATOGRAPHY,Wicked,Alice Brooks,,tt7890123
97,2025,Cinematography,CINEMATOGRAPHY,Flow,Gints Zilbalodis,,tt5678901
97,2025,Costume,COSTUME DESIGN,Wicked,Paul Tazewell,True,tt7890123
97,2025,Costume,COSTUME DESIGN,The Brutalist,Arianne Phillips,,tt1234567
97,2025,Costume,COSTUME DESIGN,Dune: Part Two,Jacqueline West,,tt8901234
97,2025,Costume,COSTUME DESIGN,Emilia Pérez,Ana López,,tt4567890
97,2025,Costume,COSTUME DESIGN,Anora,Jenny Eagan,,tt3456789
97,2025,Directing,DIRECTING,Anora,Sean Baker,True,tt3456789
97,2025,Directing,DIRECTING,The Brutalist,Brady Corbet,,tt1234567
97,2025,Directing,DIRECTING,Emilia Pérez,Jacques Audiard,,tt4567890
97,2025,Directing,DIRECTING,Dune: Part Two,Denis Villeneuve,,tt8901234
97,2025,Directing,DIRECTING,Flow,Gints Zilbalodis,,tt5678901
97,2025,Documentary,DOCUMENTARY (Feature),No Other Land,"Basel Adra, Rachel Szor, Hamdan Ballal, Yuval Abraham",True,tt5678912
97,2025,Documentary,DOCUMENTARY (Feature),Four Daughters,Kaouther Ben Hania,,tt6789123
97,2025,Documentary,DOCUMENTARY (Feature),20 Days in Mariupol,Mstyslav Chernov,,tt7891234
97,2025,Documentary,DOCUMENTARY (Feature),The Eternal Memory,Maite Alberdi,,tt8912345
97,2025,Documentary,DOCUMENTARY (Feature),Bobi Wine: The People's President,"Moses Bwayo, Christopher Sharp",,tt9123456
97,2025,Documentary,DOCUMENTARY (Short Subject),The Only Girl in the Orchestra,"Molly O'Brien, Lisa Remington",True,tt6789124
97,2025,Documentary,DOCUMENTARY (Short Subject),The ABCs of Book Banning,Sheila Nevins,,tt7891235
97,2025,Documentary,DOCUMENTARY (Short Subject),The Barber of Little Rock,"John Hoffman, Christine Turner",,tt8912346
97,2025,Documentary,DOCUMENTARY (Short Subject),Island in Between,S. Leo Chiang,,tt9123457
97,2025,Documentary,DOCUMENTARY (Short Subject),Nǎi Nai & Wài Pó,Sean Wang,,tt1234568
97,2025,Editing,FILM EDITING,The Brutalist,Andrew Weisblum,True,tt1234567
97,2025,Editing,FILM EDITING,Anora,Sean Baker,,tt3456789
97,2025,Editing,FILM EDITING,Dune: Part Two,Joe Walker,,tt8901234
97,2025,Editing,FILM EDITING,Wicked,Myron Kerstein,,tt7890123
97,2025,Editing,FILM EDITING,Flow,Gints Zilbalodis,,tt5678901
97,2025,International,INTERNATIONAL FEATURE FILM,I'm Still Here,"Brazil, dir. Walter Salles",True,tt5678913
97,2025,International,INTERNATIONAL FEATURE FILM,The Teachers' Lounge,"Germany, dir. İlker Çatak",,tt6789125
97,2025,International,INTERNATIONAL FEATURE FILM,Society of the Snow,"Spain, dir. J.A. Bayona",,tt7891236
97,2025,International,INTERNATIONAL FEATURE FILM,Perfect Days,"Japan, dir. Wim Wenders",,tt8912347
97,2025,International,INTERNATIONAL FEATURE FILM,Io Capitano,"Italy, dir. Matteo Garrone",,tt9123458
97,2025,Makeup,MAKEUP AND HAIRSTYLING,The Substance,"Pierre-Olivier Persin, Stéphanie Guillon, Marilyne Scarselli",True,tt6789012
97,2025,Makeup,MAKEUP AND HAIRSTYLING,Dune: Part Two,Donald Mowat,,tt8901234
97,2025,Makeup,MAKEUP AND HAIRSTYLING,Anora,Tania Ribalow,,tt3456789
97,2025,Makeup,MAKEUP AND HAIRSTYLING,Wicked,Jeremy Woodhead,,tt7890123
97,2025,Makeup,MAKEUP AND HAIRSTYLING,The Brutalist,Deborah La Mia Denaver,,tt1234567
97,2025,Music,MUSIC (Original Score),The Brutalist,Daniel Blumberg,True,tt1234567
97,2025,Music,MUSIC (Original Score),Dune: Part Two,Hans Zimmer,,tt8901234
97,2025,Music,MUSIC (Original Score),Wicked,Stephen Schwartz,,tt7890123
97,2025,Music,MUSIC (Original Score),Anora,Matthew Herbert,,tt3456789
97,2025,Music,MUSIC (Original Score),Flow,Gints Zilbalodis,,tt5678901
97,2025,Song,MUSIC (Original Song),Emilia Pérez,"El Mal (Clément Ducol, Camille, Jacques Audiard)",True,tt4567890
97,2025,Song,MUSIC (Original Song),Wicked,Defying Gravity (Stephen Schwartz),,tt7890123
97,2025,Song,MUSIC (Original Song),The Brutalist,Home (Daniel Blumberg),,tt1234567
97,2025,Song,MUSIC (Original Song),Dune: Part Two,Desert Dream (Hans Zimmer),,tt8901234
97,2025,Song,MUSIC (Original Song),Anora,Runaway (Matthew Herbert),,tt3456789
97,2025,Picture,BEST PICTURE,Anora,,True,tt3456789
97,2025,Picture,BEST PICTURE,The Brutalist,,,tt1234567
97,2025,Picture,BEST PICTURE,Dune: Part Two,,,tt8901234
97,2025,Picture,BEST PICTURE,Emilia Pérez,,,tt4567890
97,2025,Picture,BEST PICTURE,Flow,,,tt5678901
97,2025,Production,PRODUCTION DESIGN,Dune: Part Two,"Nathan Crowley, Gary Fettis",True,tt8901234
97,2025,Production,PRODUCTION DESIGN,The Brutalist,Adam Stockhausen,,tt1234567
97,2025,Production,PRODUCTION DESIGN,Wicked,David Korins,,tt7890123
97,2025,Production,PRODUCTION DESIGN,Emilia Pérez,Ana López,,tt4567890
97,2025,Production,PRODUCTION DESIGN,Anora,Judy Becker,,tt3456789
97,2025,Short,SHORT FILM (Animated),In the Shadow of the Cypress,"Shirin Sohani, Hossein Molayemi",True,tt6789126
97,2025,Short,SHORT FILM (Animated),Pachyderme,Stéphanie Clément,,tt7891237
97,2025,Short,SHORT FILM (Animated),Letter to a Pig,Tal Kantor,,tt8912348
97,2025,Short,SHORT FILM (Animated),Ninety-Five Senses,"Jerusha Hess, Jared Hess",,tt9123459
97,2025,Short,SHORT FILM (Animated),Our Uniform,Yegane Moghaddam,,tt1234569
97,2025,Short,SHORT FILM (Live Action),I'm Not a Robot,"Victoria Warmerdam, Trent",True,tt6789127
97,2025,Short,SHORT FILM (Live Action),The Wonderful Story of Henry Sugar,Wes Anderson,,tt7891238
97,2025,Short,SHORT FILM (Live Action),"Red, White and Blue",Nazrin Choudhury,,tt8912349
97,2025,Short,SHORT FILM (Live Action),The After,Misan Harriman,,tt9123460
97,2025,Short,SHORT FILM (Live Action),Knight of Fortune,Lasse Lyskjær Noer,,tt1234570
97,2025,Sound,SOUND,Dune: Part Two,"Richard King, Mark Mangini, Theo Green, Doug Hemphill, Ron Bartlett",True,tt8901234
97,2025,Sound,SOUND,The Brutalist,Niv Adiri,,tt1234567
97,2025,Sound,SOUND,Anora,Tom Efinger,,tt3456789
97,2025,Sound,SOUND,Wicked,Simon Hayes,,tt7890123
97,2025,Sound,SOUND,Flow,Gints Zilbalodis,,tt5678901
97,2025,VFX,VISUAL EFFECTS,Dune: Part Two,"Paul Lambert, Tristan Myles, Brian Connor, Gerd Nefzer",True,tt8901234
97,2025,VFX,VISUAL EFFECTS,The Brutalist,Tom Debenham,,tt1234567
97,2025,VFX,VISUAL EFFECTS,Wicked,Andrew Lockley,,tt7890123
97,2025,VFX,VISUAL EFFECTS,Anora,Chris Lawrence,,tt3456789
97,2025,VFX,VISUAL EFFECTS,Flow,Gints Zilbalodis,,tt5678901
97,2025,Writing,WRITING (Adapted Screenplay),Conclave,Peter Straughan,True,tt5678914
97,2025,Writing,WRITING (Adapted Screenplay),The Brutalist,Brady Corbet,,tt1234567
97,2025,Writing,WRITING (Adapted Screenplay),Dune: Part Two,"Denis Villeneuve, Jon Spaihts",,tt8901234
97,2025,Writing,WRITING (Adapted Screenplay),Wicked,Winnie Holzman,,tt7890123
97,2025,Writing,WRITING (Adapted Screenplay),Flow,Gints Zilbalodis,,tt5678901
97,2025,Writing,WRITING (Original Screenplay),Anora,Sean Baker,True,tt3456789
97,2025,Writing,WRITING (Original Screenplay),The Brutalist,Brady Corbet,,tt1234567
97,2025,Writing,WRITING (Original Screenplay),Emilia Pérez,Jacques Audiard,,tt4567890
97,2025,Writing,WRITING (Original Screenplay),Wicked,Stephen Schwartz,,tt7890123
97,2025,Writing,WRITING (Original Screenplay),Flow,Gints Zilbalodis,,tt5678901
